,Unnamed: 0,author,in AllTOP,publications,posts,comments,in-Degree,PageRank,Betweenness,upvote_ratio,ups,score,self tickers,parent tickers,cluster ind
0,0,ThatBoyWet,False,93,1,92,607,0.0012084616313429,0.002061597415467,0.89,5172,55.61290322580645,"{'PYPL': {'15fo9v1'}, 'HOOD': {'jugcjtq'}, 'AMD': {'juf79zg'}}","{'WEN': {'jue7tl1'}, 'PLTR': {'jue8q4k'}, 'PYPL': {'juf9adc'}}",{3290}
1,1,TradeTheZones,True,138,13,125,1896,0.0041612497931019,0.007041881971264,0.946153846153846,89570,649.0579710144928,{},"{'MAC': {'jisbjpq'}, 'AI': {'je7f3rz', 'jisgldk', 'jglk2d5', 'jgy23j4'}, 'NVDA': {'jgs1zlz'}}",{163}
2,2,Infamous_Sympathy_91,False,25,6,19,1293,0.0018659458085782,0.0015840165243374,0.9316666666666666,61109,2444.36,{'AI': {'jkrqdji'}},"{'JPM': {'jbq1j3a'}, 'WAL': {'jc24mh4'}, 'AI': {'jkvnnev'}}",{251}
3,3,Silverpatriot7,False,46,7,39,971,0.0011537947238867,0.0015031260382684,0.9285714285714286,35943,781.3695652173913,{},"{'PUMP': {'jfdr1gg'}, 'WEN': {'13oavvz'}, 'CVX': {'13oavvz'}, 'AAPL': {'jj1z4bc'}}",{163}
4,4,jamzkourt,False,20,1,19,1792,0.0022512679253572,0.0022832247863992,0.91,9134,456.7,"{'MSFT': {'19a3mkf'}, 'PYPL': {'19a3mkf'}, 'MCD': {'jfcqycb'}}","{'MSFT': {'19a3mkf'}, 'PYPL': {'kiilnwj', '19a3mkf', 'kiifv5b'}, 'AMD': {'kppkn3y'}, 'K': {'18nrpty'}}",{2740}
5,5,Sea-Shift-2007,False,7,2,5,2982,0.0029726648317892,0.0033311545001709,0.86,14960,2137.1428571428573,{},{'TSLA': {'jqf2c4n'}},{7}
6,6,realdevtest,False,52,5,47,643,0.001055816254811,0.0020896106737399,0.934,44157,849.1730769230769,{},"{'WEN': {'jj4jnda', 'jj3utjm'}, 'COST': {'ke2j8yr'}}",{32}
7,7,Fausterion18,True,402,3,399,1867,0.0029251407027443,0.0157762185022731,0.8833333333333333,25466,63.34825870646766,"{'FLL': {'k4au33v', 'jbkb57y'}, 'JBK': {'jbvynm6', 'jbuzpmn'}, 'AAPL': {'jkypjj9', 'jfhik5b', 'kir7ktx', 'jbq4bu0', 'joweb1j'}, 'RE': {'jd8cywo'}, 'IBKR': {'jpfa9k5', 'kjgppia', 'jrvwhrs', 'kj5hddb', '19b0k67', 'kis2s5b'}, 'TM': {'koulvh7', 'jo16jjh'}, 'TSLA': {'koukf74', 'ki2piad', 'jarjzpb', 'jlrypow', 'kijqh93', 'j8q7xyy', 'j8qb0ye', 'j8q8avo', 'j8qh21t'}, 'NVDA': {'jqclp7e', 'josk2fu', 'jqclw2z', 'jlrypow', 'jfe7cae', 'jqgw6a7', 'jqcm4qc', 'jog5fbp', 'kijs399', 'jlruy1g', 'joweb1j'}, 'AMD': {'jfe7yqu', 'jqclw2z', 'jfe7cae'}, 'INTC': {'jfe7yqu', 'jqclw2z', 'jqg5dfg'}, 'ML': {'jfhgtyw', 'joweb1j', 'jfe7cae', 'jqfahfu'}, 'DIS': {'ke5c9up', 'ke72xsp', 'ke715s8'}, 'IRS': {'khbmx1c', 'kjausdk', '19b0k67'}, 'RACE': {'19b0k67'}, 'QQQX': {'19b0k67'}, 'EOD': {'kipiau4'}, 'SPXC': {'kjgppia', 'kis2s5b'}, 'STG': {'kit115o', 'kj9dff7'}, 'BA': {'khm36f7'}, 'LEG': {'khwnq1d'}, 'SP': {'jbuzqxo'}, 'GM': {'kbh0b5i', 'joa8odz'}, 'HKD': {'jhqab6t'}, 'WAL': {'jj1hkyn'}, 'CIA': {'kehkpf3'}, 'SFR': {'jx6wdpm'}, 'RBLX': {'kh29yvo', 'kh27mo7'}, 'JPM': {'jnz4pwr'}, 'MCD': {'j8oeokf'}, 'UBS': {'jcyeoh2', 'jcyge1g'}, 'AMCX': {'jhgrof4'}, 'FORD': {'jpfa9k5', 'j8qh21t'}, 'AI': {'jfe7yqu', 'jog5fbp'}, 'META': {'jfe7yqu'}, 'NFTG': {'joi0uoa'}, 'WEN': {'jju49ca', 'josk86s'}, 'DJCO': {'jpaa8pu'}, 'CS': {'jlub8te'}}","{'NFTG': {'j8pcv66', 'jogo5e9'}, 'WMT': {'jq68bi2'}, 'BBW': {'jrvrv3j'}, 'NVDA': {'jqb19ns', 'jfdfo94', 'jfcpziq', 'jfda7q9', 'jrvrv3j', 'jfgtps2', 'kj8ez49', 'jqcrw78', 'kh0tm6j', 'jqbmaz8'}, 'AAPL': {'jo9lt3j'}, 'ASML': {'jqb19ns'}, 'LRCX': {'jqb19ns'}, 'AMAT': {'jqb19ns'}, 'INTC': {'jqg2br1'}, 'DIS': {'ke5qyfa', 'ke71pn6'}, 'IP': {'ke5qyfa'}, 'ABR': {'kior8t6'}, 'K': {'jhoux7s', 'kip0ozj'}, 'SPXC': {'kjccgp7', 'kirls1w', 'jbm6b67'}, 'MSFT': {'kip4phu'}, 'IBKR': {'kj5g041', 'kirob54', 'kiu7hmw', 'kjccgp7', 'jbm6b67'}, 'NFLX': {'kj8piv1'}, 'EOD': {'kj8irdb'}, 'DTE': {'kj9om2i'}, 'BA': {'khm03ts'}, 'TSE': {'jnzhc5n'}, 'GM': {'kb9tl5v', 'ki2hgwx', 'jo9529u', 'kb9ygi0'}, 'JBK': {'jbuzbyj', 'jbud35k'}, 'OVLY': {'jbuw4c9'}, 'VC': {'jbuvsgi'}, 'HKD': {'jhoux7s'}, 'AMCX': {'khcg5y6'}, 'NKLA': {'jo7pck2'}, 'FORD': {'jpcs4ps', 'jo9529u'}, 'TM': {'jo9529u', 'jnzom8h'}, 'CIA': {'kef9er5'}, 'BAC^Q': {'jwxjw7j'}, 'AVD': {'jx1tnxp'}, 'CS': {'jcy719j', 'jcyf8ll'}, 'UBS': {'jcyf8ll'}, 'TSLA': {'j8plabm'}, 'AMD': {'jfda7q9', 'jfcj0gd'}, 'AI': {'jofgonf', 'joq1lac'}, 'DJCO': {'jp8u901'}, 'FLL': {'k4aw5do', 'k4aq07p'}, 'HBIO': {'k4iufjn'}, 'EFC': {'jlucm9c'}}",{1639}
8,8,infectedtoe,False,30,1,29,1170,0.0019737476675286,0.0015684317514672,0.95,14290,476.3333333333333,{},{},{1110}
9,9,trillionairekid,False,53,1,52,445,0.0015429987261916,0.0018682856525277,0.9,6092,114.94339622641508,"{'SOFI': {'jfs0yw3'}, 'JBK': {'jfrcpkn'}}","{'U': {'jhszyj0'}, 'WISH': {'jfrvspz'}, 'SOFI': {'jfrvspz'}}",{163}
10,10,_BreakingGood_,False,57,0,57,94,0.0018044774485549,0.001807243583943,0.0,4396,77.12280701754386,"{'AI': {'kjj7s0e'}, 'PYPL': {'kjj7s0e'}, 'AAPL': {'kp26ay0'}}","{'TIL': {'k9oon9u'}, 'TSLA': {'kdzv442'}, 'MCD': {'k5uxf0f'}, 'FLL': {'kcbcu91'}, 'AI': {'kjk80eo'}, 'PYPL': {'kjk80eo'}}",{171}
11,11,thenakesingularity10,False,17,1,16,2036,0.0021686864486076,0.0029680194385714,0.81,7338,431.6470588235294,{'SSNC': {'kfv9wys'}},"{'IBKR': {'19b0k67'}, 'IRS': {'19b0k67'}, 'RACE': {'19b0k67'}, 'QQQX': {'19b0k67'}, 'USDP': {'kfv9agq'}}",{1058}
12,12,B3stAuD1t0rofA11tiME,False,13,5,8,2112,0.0026202469149688,0.0025808089259653,0.85,23274,1790.3076923076924,"{'TM': {'1af5vc5'}, 'SONY': {'178ht2g'}}",{},{2360}
13,13,grimkhor,False,290,1,289,353,0.0013244357318867,0.0052150857568434,0.97,35815,123.5,"{'WEN': {'jglpcd4', 'jksecxm'}, 'CIA': {'jcc7q87'}, 'WMT': {'kdbalhn', 'je41953'}, 'MSFT': {'k46djjq'}, 'AMZN': {'k46djjq'}, 'SPXC': {'kh2qlr5', 'kh2r70r'}, 'AI': {'jk4txml'}, 'HMC': {'jxq1k24', 'jxovnia', 'jxotrh4', 'jxotgqg'}, 'DEI': {'kozf9z5'}}","{'AAPL': {'j9uwaux', '13ghur9'}, 'TSLA': {'jb11nb0'}, 'MSFT': {'17osvly', '13ghur9', '19a3mkf'}, 'PYPL': {'19a3mkf'}, 'ARE': {'k13w5po'}, 'GOOG': {'13ghur9'}, 'CIA': {'13ghur9'}, 'AMZN': {'k460b9e'}, 'SP': {'192ik9f'}, 'BBW': {'jjrvd40'}, 'WEN': {'jc0hogr'}, 'HMC': {'jxow994', 'jxpu26a'}, 'WMT': {'jxp1bkm'}, 'AMD': {'jxq1d5r'}, 'DEI': {'koxz7yz'}}",{315}
14,14,OPINION_IS_UNPOPULAR,False,82,2,80,474,0.0010971146312492,0.0025987048450446,0.945,12073,147.23170731707316,"{'GME': {'k2kl8k2'}, 'META': {'jrjmfep'}, 'ASR': {'je7omhj'}, 'TSLA': {'jgywg7v', 'jgvd3xj'}, 'NKLA': {'jgywg7v'}}","{'DIS': {'j8q0n3c'}, 'TSLA': {'jgwdxkn'}, 'GME': {'18d2kkv'}, 'META': {'18d2kkv'}}",{1039}
15,15,poppy_harlo92,False,23,2,21,2194,0.0032937886277972,0.0025010410812579,0.8200000000000001,8878,386.0,"{'TSLA': {'jtxuhh7', '15cpkfh'}, 'K': {'jtxifzu'}}","{'TSLA': {'jtxu5sr', 'jtxybju'}, 'IRS': {'jtziru5'}}",{257}
16,16,spac420,False,201,0,201,26,0.0009191547196676,0.0029999025419966,0.0,817,4.064676616915423,"{'PSA': {'jbv2dy6'}, 'S': {'jxpofkn', 'jxg4gpd'}, 'U': {'jkgrud5'}, 'BA': {'ke8ycs5'}, 'WMT': {'je4wl8t'}, 'PZZA': {'jecv7yr'}, 'GAINZ': {'ki0q528'}}","{'NVDA': {'15z6zs8', 'kots5o4'}, 'GOOG': {'kqa6owi'}, 'AAPL': {'jj06z21', 'jv9m534', '178nna3', 'jzlw9jh'}, 'TSLA': {'186q49z'}, 'SBUX': {'k9d1grr'}, 'SPOT': {'1aha25p'}, 'UNH': {'1737cex'}, 'SP': {'192ik9f'}, 'XOM': {'kc9jxm0'}, 'MS': {'ka0gol0'}, 'BKI': {'jxoyktc'}, 'AAL': {'155euxs'}}",{1039}
17,17,Jshbone12,False,48,3,45,2526,0.0038176590506684,0.0045099826550115,0.8866666666666667,46806,975.125,"{'HOOD': {'135n0ko', '134mtep'}, 'OCC': {'135n0ko'}, 'IBKR': {'135n0ko'}, 'FDBC': {'135n0ko'}}","{'HOOD': {'134mtep'}, 'JPM': {'jigzcyr'}, 'IBKR': {'jil1tup'}, 'OCC': {'jil3hk5'}, 'TSLA': {'12rfzuf'}}",{1683}
18,18,WorldlinessSea7169,False,136,1,135,488,0.0018281112801293,0.0039420842097451,0.9,3887,28.580882352941178,"{'NVDA': {'ju568u6'}, 'BBW': {'ju59u9t'}, 'SPXC': {'ju59u9t'}}","{'SPXC': {'ju58zi0', 'ju5am04', 'ju4kc3h'}, 'WEN': {'ju4qndw'}, 'EOD': {'jua884t'}, 'AAPL': {'ju4sp07'}, 'FDBC': {'ju5am04'}}",{3290}
19,19,polloponzi,True,161,4,157,622,0.0009184604224568,0.0049135863314747,0.935,17132,106.40993788819875,"{'WEN': {'kcq4k5k'}, 'IBKR': {'jilcox0', 'jil9laf', 'jil1tup'}, 'OCC': {'jil5dzp'}, 'AI': {'jijzjar', 'jfh70np', 'kiim480'}, 'DTE': {'k9676ul'}, 'AMCX': {'k8m5jsm'}, 'NVDA': {'jfek1jo', 'jferwe2'}}","{'HOOD': {'135n0ko', '134mtep', 'jikm8ia'}, 'WEN': {'kcnxirt'}, 'OCC': {'135n0ko'}, 'IBKR': {'135n0ko'}, 'FDBC': {'135n0ko'}, 'USDP': {'k97h3d7', 'jxt7twx'}, 'AI': {'18fn1n6', 'jkkkao4', 'jfe1c73'}, 'AMCX': {'k8ienn2', 'k8m5k92', 'jezc2ta'}, 'JPM': {'k6ryxhq', 'k6ru4ec', 'k6u0plp'}, 'GME': {'jezc2ta'}, 'WING': {'jgtptc0'}, 'MSFT': {'18fn1n6'}, 'LUMN': {'18fn1n6'}}",{1683}
20,20,Jim_C_Belfort,False,11,1,10,1726,0.0022180183745425,0.0026456287418422,0.89,25985,2362.2727272727275,{'CSPI': {'jsix94o'}},{},{432}
21,21,jaypowwow,True,246,2,244,978,0.0013045220076495,0.0045805604739481,0.73,8861,36.020325203252035,"{'NVDA': {'jiiz0ob'}, 'DTE': {'jexts2y'}}","{'HOOD': {'134mtep'}, 'WEN': {'13oavvz', 'ji48zr7'}, 'CVX': {'13oavvz'}, 'K': {'18nrpty'}}",{660}
22,22,TotherCanvas249,False,14,11,3,2587,0.002679344186811,0.0026456246981398,0.9245454545454548,124100,8864.285714285714,{},{},{679}
23,23,2ftc,False,25,1,24,1665,0.0016203147267899,0.0019526796897006,0.89,4114,164.56,"{'PLTR': {'kjzn425'}, 'EGLX': {'kk1x0bn'}}","{'DIS': {'kk086fx'}, 'NVDA': {'16vo3s7'}}",{147}
24,24,GetRich-quick_idchow,False,73,1,72,876,0.0011750174647533,0.0017562859972508,0.91,7961,109.05479452054794,{},{'WEN': {'k6r37cp'}},{192}
25,25,CHAINSAW_VASECTOMY,False,8,1,7,3116,0.0067739843982379,0.0056253844565295,0.93,4358,544.75,{},{},{4043}
26,26,naynancy,False,12,3,9,1633,0.0015046071718627,0.0015510901917544,0.84,46890,3907.5,{},{},{2104}
27,27,akopley,False,26,1,25,1007,0.0012745216543581,0.0014985690713774,0.93,22568,868.0,{'BA': {'kgklxs1'}},"{'BA': {'kkaduva', 'kgklurc'}, 'MAX': {'kgklshq'}, 'USDP': {'jx6dfaz'}}",{1050}
28,28,ZadarskiDrake,False,59,6,53,3070,0.004055613543086,0.0058449215120148,0.935,72664,1231.593220338983,{'TSLA': {'k4xbgge'}},"{'WEN': {'koxr5he'}, 'META': {'kp99601'}}",{1065}
29,29,DesmondMilesDant,False,70,8,62,1864,0.0020974544061554,0.0043322861571945,0.9275,41292,589.8857142857142,"{'AAPL': {'jfg1zz8'}, 'GOLD': {'jlfitnk'}}","{'MSFT': {'13ghur9'}, 'GOOG': {'13ghur9'}, 'AAPL': {'13ghur9'}, 'CIA': {'13ghur9'}, 'WEN': {'13oavvz'}, 'CVX': {'13oavvz'}, 'FLL': {'jlf7zub'}, 'GOLD': {'jlfi5cy'}}",{194}
30,30,SilbergleitJunior,False,10,1,9,1481,0.0016388638820614,0.0016921439619038,0.85,21606,2160.6,{},{},{736}
31,31,Brendawg324,False,43,4,39,1858,0.0022975225931093,0.0021949498840897,0.9525,40763,947.9767441860464,"{'ET': {'kc8bosg'}, 'PYPL': {'kikzvgo'}, 'FDBC': {'koeb982', 'koe5cxc'}, 'AVD': {'koeb982'}, 'GME': {'18d2kkv'}, 'META': {'18d2kkv'}, 'PDT': {'kcibhg7'}}","{'WEN': {'kc614wy'}, 'MSFT': {'19a3mkf'}, 'PYPL': {'19a3mkf'}}",{776}
32,32,Seeders,True,171,1,170,756,0.0009031093638442,0.0021934850002451,0.91,18682,109.25146198830409,{'LUNA': {'kgvrhvy'}},"{'OUT': {'jcannrh'}, 'BC': {'kq4017c'}, 'RIO': {'kcxqnrz'}, 'IBM': {'kcm1bal'}}",{47}
33,33,Moist_Lunch_5075,False,201,0,201,71,0.0008878343144545,0.0020666514772234,0.0,2083,10.36318407960199,"{'TSLA': {'kbcmuhq', 'kobac5c', 'kbcr3xp'}, 'AMD': {'jof9mve', 'jmokdzy', 'joeyijo'}, 'RUN': {'jof9mve'}, 'FA': {'jpqvdez'}, 'QQQX': {'jpnh8s3'}, 'ROCL': {'jpnh8s3'}, 'SPXC': {'jpv6em1'}, 'ECBK': {'jd0lign', 'j8yq3sp'}, 'VC': {'jd0wdrp', 'jo90mlg'}, 'BBW': {'joaddt9'}, 'META': {'jb6zqg2', 'jb6io0p'}, 'AMZN': {'jb6zqg2'}, 'AI': {'jmokdzy'}, 'NVDA': {'jmokdzy'}, 'SP': {'jcyvjo7', 'jcyrnkz'}, 'FOX': {'ke3a85q'}}","{'DIS': {'kbcdyvi'}, 'OCC': {'135n0ko'}, 'IBKR': {'135n0ko'}, 'FDBC': {'135n0ko'}, 'HOOD': {'135n0ko'}, 'AVD': {'jpoi4sl'}, 'DM': {'jpo09rd'}, 'CC': {'j8ya3ca'}, 'NVDA': {'jn4svj0', 'jmon9gl', 'jmntaql'}, 'CS': {'jd3iuj4'}, 'UBS': {'jd3iuj4'}, 'HRTG': {'ke689iu'}, 'HMC': {'ke20gfo'}}",{432}
34,34,Kengriffinspimp,False,79,1,78,1034,0.0010086573247921,0.0018751283475981,0.9,34947,442.36708860759495,"{'PSA': {'jbhw7mo'}, 'AMCX': {'jzdk4ww', 'kjfgebi', 'jzdk8k2'}, 'WMT': {'jfmaj4o', 'jzdk8k2'}}","{'TSLA': {'jpj0ob3', '12rfzuf'}, 'MSFT': {'13ghur9'}, 'GOOG': {'13ghur9'}, 'AAPL': {'13ghur9'}, 'CIA': {'13ghur9'}}",{8}
35,35,Chester-Ming,False,43,2,41,1009,0.001409864622634,0.002263371387103,0.925,71702,1667.4883720930231,{'WEN': {'jzoujqt'}},{'TM': {'jzii8ju'}},{855}
36,36,OSRSkarma,False,77,0,77,263,0.0010120757663798,0.0018602369968396,0.0,19397,251.9090909090909,"{'GME': {'keo5qzf'}, 'AMCX': {'keo5qzf'}}","{'K': {'jbkjbmh'}, 'FTCI': {'kdcp6oc'}, 'GME': {'k2k7fya', '18d2kkv'}, 'AI': {'k71ps4y'}, 'FCF': {'14ebqzv'}, 'MTCH': {'14ebqzv'}, 'META': {'18d2kkv'}, 'BNTX': {'kcee396'}}",{776}
37,37,zxc123zxc123,False,206,0,206,217,0.0011587801920606,0.0072744523571598,0.0,7718,37.46601941747573,"{'LTH': {'ken3nyo'}, 'IRS': {'kh3wygn', 'kfhbsdj', 'kej7lcv', 'kpizlgr', 'k0a2obs', 'kgykn6w'}, 'AI': {'kjkg51b', 'jd3rnm6', 'jbkcz97'}, 'DTE': {'kg5d7m8'}, 'USDP': {'ke7h69e', 'jd3rnm6', 'k961msw'}, 'IBKR': {'kim5oif'}, 'BMBL': {'k8955t6'}, 'FORD': {'kdyn809'}, 'TM': {'ke28oym', 'kdz09cb'}, 'HMC': {'kdz09cb'}, 'TSLA': {'js3khvt', 'kdz09cb', 'jo9scvb'}, 'GM': {'ke28oym'}, 'MCD': {'jdn91x0', 'k325a2b', 'jg5kf9u', 'k7o4lm6'}, 'FDX': {'ken5j07', 'kenmtq1'}, 'AMZN': {'kbakf55', 'ken5j07', 'kenmtq1', 'jzqpnhh'}, 'COST': {'ken5j07', 'koj0cqu'}, 'UPS': {'ken5j07'}, 'PYPL': {'kiiphx7', 'kjkfdka'}, 'AAPL': {'k0a9r9j', 'k09z1r5', 'jzqpnhh', 'jj4e2wc', 'kbam944'}, 'DIS': {'kcdznr8'}, 'ABNB': {'joqej12'}, 'NVDA': {'kjj7zj2', 'jlh5tm8'}, 'META': {'k7qzym5'}, 'WB': {'jza2xu1', 'jd3rnm6'}, 'RE': {'k4arzsc'}, 'PARA': {'jyzmfuh'}, 'OPEN': {'jyzmfuh'}, 'UWMC': {'jyzmfuh'}, 'SP': {'kgmmfva'}, 'JNJ': {'koda86g'}, 'WEN': {'jccghr5'}, 'SBUX': {'kb6b6qo'}}","{'UBER': {'jb4s4ie', 'jb4z8e0'}, 'BA': {'kikrkjs'}, 'TSLA': {'ke0xtmy'}, 'GM': {'kb9tl5v'}, 'AI': {'jlfajjw'}, 'AAPL': {'jzls7ut'}, 'IRS': {'k07ussk'}, 'IRM': {'ko9sr0v'}}",{549}
38,38,kevinfomo-thedegen,False,32,2,30,1337,0.0022615752451863,0.001945425368203,0.88,45117,1409.90625,{'IRS': {'kdmeqfo'}},{'OI': {'kdc8rup'}},{776}
39,39,degeneratetrader10,False,108,12,96,2148,0.0027284584317388,0.0054687498403743,0.9475,86615,801.9907407407408,{'WEN': {'jue7tl1'}},"{'PYPL': {'15fo9v1'}, 'K': {'juiz7ef'}}",{742}
40,40,QuirkyAverageJoe,True,656,4,652,1471,0.0018391482518486,0.0119053266331336,0.9525,63118,96.21646341463416,"{'SPCE': {'jpakrze'}, 'PYPL': {'jpb4a0i'}, 'META': {'jg6skw3', 'jpbfja5'}, 'WEN': {'kjrjba4'}, 'ROKU': {'jbr6iss'}, 'NVDA': {'jlnxv44', 'jo6f1gv', 'jobblfd', 'jlnljzz'}, 'JPM': {'jg85fgg', 'jgamv44', 'jg9shyn', 'jg6oatd', 'jgd1yig'}, 'TSLA': {'jl8634l'}, 'AAPL': {'kpgpvbr'}, 'HYLN': {'jo7n4e1'}, 'WKHS': {'joafb0k'}}","{'BA': {'kh6ymzo'}, 'META': {'jpahkl0'}, 'TSLA': {'jpaly2r', 'jpaze9d'}, 'LVS': {'jpanahs'}, 'TIL': {'jpd4cz3', 'jpaw5ya'}, 'CME': {'jpb6mau'}, 'KO': {'jpb9ah1'}, 'WEN': {'13oavvz', 'jg6ysj4', 'kpki72k'}, 'CS': {'jcf4uz9'}, 'BK': {'jvfyj1f'}, 'NVDA': {'16vo3s7', 'joab6ri', 'jlm0v88', '15z6zs8', 'kppypt5', 'jlmnij7'}, 'ROKU': {'jbv01sp', 'jbqucjd'}, 'INTC': {'jlm0v88'}, 'JPM': {'jg724xd', '15ruj0i', 'jg6yw97'}, 'RKT': {'juofjgb'}, 'AI': {'joab6ri'}, 'HYLN': {'jo7n4e1'}, 'CVX': {'13oavvz'}, 'NDAQ': {'16qyd1w'}, 'X': {'16qyd1w'}, 'AMD': {'19478va', 'kppkn3y'}, 'PYPL': {'13dxodr'}, 'ABNB': {'13dxodr'}, 'IEP': {'13dxodr'}, 'CMG': {'13dxodr'}, 'SONY': {'178ht2g'}, 'MCD': {'japwr0h'}}",{8}
41,41,BruhPaul,False,52,1,51,816,0.0012749304065886,0.0016258062356684,0.92,7936,152.6153846153846,{},"{'HKD': {'jhoux7s'}, 'K': {'jhoux7s', 'jhpbipo'}, 'PSFE': {'jhp6evc'}, 'HBIO': {'jhpwms1'}, 'PSNY': {'jhp5q42'}, 'U': {'jhovqjx'}}",{1683}
42,42,Odd_Explanation3246,False,42,2,40,818,0.0009946566031065,0.002083707975913,0.935,27509,654.9761904761905,"{'AAPL': {'jn2b8a5'}, 'MAC': {'jn231b0'}}","{'TSLA': {'jo8bxdm', 'jo7s8hx'}, 'FUN': {'jn0vx06'}, 'WWW': {'jn0vx06'}, 'MSFT': {'jkrvy5e'}}",{2559}
43,43,livingisdeadly,False,77,1,76,289,0.0009815722919898,0.0036904378982295,0.96,3863,50.16883116883117,"{'GM': {'kce2lcg'}, 'AI': {'kfybkz7'}}","{'TSLA': {'15cpkfh'}, 'UI': {'k5c671y'}, 'HOOD': {'15h8jgd'}, 'SBUX': {'15h8jgd'}, 'NVDA': {'1860ok9'}, 'FDBC': {'jjh5nqh'}, 'PYPL': {'jji2sff', 'jjigoma', 'jjikyfm'}}",{163}
44,44,Loud_Pineapple_4294,False,13,4,9,3471,0.0030591833732956,0.0036056268981067,0.905,21788,1676.0,{'NVDA': {'jm9kyyy'}},{},{147}
45,45,KantonL,False,9,1,8,2435,0.0019820434310765,0.0022221721912409,0.86,38569,4285.444444444444,{},{},{997}
46,46,InternationalTop2405,False,23,9,14,1799,0.0027165435051264,0.0026615395034264,0.9122222222222222,79270,3446.521739130435,{},{},{214}
